{"cameraMode":{"drawMode":0,"name":"Shaded","section":"Shading Mode"},"sceneLighting":true,"audioPlay":false,"sceneViewState":{"m_AlwaysRefresh":false,"showFog":true,"showSkybox":true,"showFlares":true,"showImageEffects":true,"showParticleSystems":true,"showVisualEffectGraphs":true,"m_FxEnabled":true},"in2DMode":false,"pivot":{"x":-5.489544868469238,"y":4.6827545166015629,"z":6.252965927124023},"rotation":{"x":-0.005387463606894016,"y":0.11195240169763565,"z":-0.000490842736326158,"w":-0.9937615394592285},"size":14.28271198272705,"orthographic":false}