{"cameraMode":{"drawMode":0,"name":"Shaded","section":"Shading Mode"},"sceneLighting":true,"audioPlay":false,"sceneViewState":{"m_AlwaysRefresh":false,"showFog":true,"showSkybox":true,"showFlares":true,"showImageEffects":true,"showParticleSystems":true,"showVisualEffectGraphs":true,"m_FxEnabled":true},"in2DMode":false,"pivot":{"x":127.67800903320313,"y":-15.824219703674317,"z":-0.14720535278320313},"rotation":{"x":-0.04700769856572151,"y":-0.9603779315948486,"z":0.17026647925376893,"w":-0.21726550161838532},"size":17.610450744628908,"orthographic":false}