{"cameraMode":{"drawMode":0,"name":"Shaded","section":"Shading Mode"},"sceneLighting":true,"audioPlay":false,"sceneViewState":{"m_AlwaysRefresh":false,"showFog":true,"showSkybox":true,"showFlares":true,"showImageEffects":true,"showParticleSystems":true,"showVisualEffectGraphs":true,"m_FxEnabled":true},"in2DMode":false,"pivot":{"x":-5.51851224899292,"y":9.76555061340332,"z":33.869773864746097},"rotation":{"x":0.017334209755063058,"y":-0.08747082203626633,"z":0.0016003262717276812,"w":0.9961259961128235},"size":12.005884170532227,"orthographic":false}