{"cameraMode":{"drawMode":0,"name":"Shaded","section":"Shading Mode"},"sceneLighting":true,"audioPlay":false,"sceneViewState":{"m_AlwaysRefresh":false,"showFog":true,"showSkybox":true,"showFlares":true,"showImageEffects":true,"showParticleSystems":true,"showVisualEffectGraphs":true,"m_FxEnabled":true},"in2DMode":false,"pivot":{"x":-1.4644956588745118,"y":-0.6921114921569824,"z":-7.6890082359313969},"rotation":{"x":-0.03902206942439079,"y":-0.9605873227119446,"z":0.20806832611560822,"w":-0.18015612661838532},"size":8.385977745056153,"orthographic":false}