{"cameraMode":{"drawMode":0,"name":"Shaded","section":"Shading Mode"},"sceneLighting":true,"audioPlay":false,"sceneViewState":{"m_AlwaysRefresh":false,"showFog":true,"showSkybox":true,"showFlares":true,"showImageEffects":true,"showParticleSystems":true,"showVisualEffectGraphs":true,"m_FxEnabled":true},"in2DMode":false,"pivot":{"x":-9.937970161437989,"y":-3.0307092666625978,"z":66.65189361572266},"rotation":{"x":-0.04724904149770737,"y":0.0748436450958252,"z":-0.0037160373758524658,"w":-0.9961967468261719},"size":37.44399642944336,"orthographic":false}