{"cameraMode":{"drawMode":0,"name":"Shaded","section":"Shading Mode"},"sceneLighting":false,"audioPlay":false,"sceneViewState":{"m_AlwaysRefresh":false,"showFog":true,"showSkybox":false,"showFlares":true,"showImageEffects":true,"showParticleSystems":true,"showVisualEffectGraphs":true,"m_FxEnabled":true},"in2DMode":false,"pivot":{"x":0.23999977111816407,"y":2.7248010635375978,"z":-6.704999923706055},"rotation":{"x":-0.29050761461257937,"y":0.16661542654037476,"z":-0.051182977855205539,"w":-0.9409614205360413},"size":13.511033058166504,"orthographic":false}